id,first_name,last_name,email,gender,ip_address
1,Klemens,Ferroni,kferroni0@timesonline.co.uk,Male,110.206.72.16
2,Velvet,Skirlin,vskirlin1@ca.gov,Female,193.244.106.146
3,Hillie,Caplis,hcaplis2@facebook.com,Agender,89.157.160.71
4,Bibi,Court,bcourt3@irs.gov,Female,117.62.115.13
5,Shep,Ainge,sainge4@google.com.au,Male,255.150.63.210
6,Laure,Stapylton,lstapylton5@parallels.com,Polygender,162.157.123.54
7,Neila,Boyles,nboyles6@timesonline.co.uk,Female,145.23.166.5
8,Jasen,Glasner,jglasner7@usatoday.com,Male,217.108.123.38
9,Guillaume,Farn,gfarn8@vk.com,Male,0.25.20.43
10,Nevin,Fairlie,nfairlie9@vinaora.com,Male,240.195.84.64
11,Pier,Chateau,pchateaua@reuters.com,Female,70.23.231.126
12,Tybie,Kinglake,tkinglakeb@yandex.ru,Female,235.229.92.171
13,Aeriel,Float,afloatc@narod.ru,Female,173.24.242.54
14,Cyrill,Britner,cbritnerd@naver.com,Male,174.200.174.24
15,My,Chaim,mchaime@bandcamp.com,Male,132.95.184.27
16,Zared,Rubinshtein,zrubinshteinf@blogger.com,Male,60.47.2.86
17,Cello,Grivori,cgrivorig@eventbrite.com,Male,46.91.248.10
18,Boony,Holston,bholstonh@reference.com,Male,74.142.190.159
19,Trenna,Iacovielli,tiacoviellii@mac.com,Female,169.34.156.248
20,Kai,Twelvetree,ktwelvetreej@123-reg.co.uk,Genderqueer,104.6.1.145
21,Brocky,Ebbin,bebbink@cornell.edu,Male,181.31.31.198
22,Linell,Crudginton,lcrudgintonl@meetup.com,Female,233.30.91.207
23,Hope,Quemby,hquembym@yellowpages.com,Female,222.68.167.114
24,Caresa,Roskruge,croskrugen@e-recht24.de,Female,68.37.178.221
25,Alexandr,Bortoloni,abortolonio@addthis.com,Male,131.52.42.184
26,Ferrell,Gurg,fgurgp@miibeian.gov.cn,Non-binary,198.126.247.211
27,Roxanna,Allingham,rallinghamq@census.gov,Female,29.26.223.110
28,Buck,Scyone,bscyoner@google.de,Male,23.63.198.182
29,Suzi,Southerill,ssoutherills@ucoz.com,Female,47.79.112.43
30,Ros,Maudlen,rmaudlent@mapy.cz,Female,44.96.255.112
31,Gwenneth,Cripps,gcrippsu@state.tx.us,Female,79.73.160.173
32,Jack,Martin,jmartinv@bbb.org,Male,175.173.148.29
33,Liuka,Weben,lwebenw@stanford.edu,Female,236.161.124.213
34,Gareth,Cowpertwait,gcowpertwaitx@patch.com,Male,78.137.243.235
35,Rena,Matisse,rmatissey@parallels.com,Female,221.33.251.33
36,Clayton,Ruddiforth,cruddiforthz@blogs.com,Male,228.162.7.73
37,Husain,Krzysztof,hkrzysztof10@intel.com,Male,49.121.137.159
38,Netta,Gwyn,ngwyn11@sfgate.com,Female,53.15.216.52
39,Pembroke,Dorrell,pdorrell12@instagram.com,Male,76.139.176.21
40,Sophie,Siddon,ssiddon13@wiley.com,Female,201.221.118.65
41,Greg,Filisov,gfilisov14@mtv.com,Male,11.21.249.234
42,Neils,Schiementz,nschiementz15@deliciousdays.com,Genderqueer,116.131.141.169
43,Lyssa,Butterfield,lbutterfield16@tinyurl.com,Female,165.106.223.141
44,Shelly,Yanshin,syanshin17@drupal.org,Female,243.134.196.22
45,Leigh,Pickavant,lpickavant18@ed.gov,Female,1.180.93.132
46,Roy,McWhirter,rmcwhirter19@reference.com,Male,64.11.202.131
47,Mora,Segar,msegar1a@mayoclinic.com,Genderfluid,64.137.126.45
48,Brittany,Pegden,bpegden1b@tuttocitta.it,Female,123.209.252.15
49,Marty,Haskett,mhaskett1c@webmd.com,Female,74.42.103.169
50,Felic,Burdell,fburdell1d@xing.com,Male,32.231.245.248
51,Tallie,Viney,tviney1e@weibo.com,Male,70.143.210.209
52,Amalita,Crouch,acrouch1f@google.nl,Female,4.255.103.140
53,Shelagh,Cruikshanks,scruikshanks1g@unesco.org,Female,201.96.32.246
54,Hubie,Alessandone,halessandone1h@xing.com,Male,234.121.58.236
55,Franklin,Bhar,fbhar1i@netscape.com,Male,2.128.175.225
56,Chrisy,Tibbles,ctibbles1j@jugem.jp,Male,223.124.35.44
57,Drew,Phear,dphear1k@rediff.com,Male,120.228.175.51
58,Jeniffer,Nottle,jnottle1l@dell.com,Female,155.61.40.17
59,Min,Kenrack,mkenrack1m@chicagotribune.com,Female,146.14.80.101
60,Genevra,Mullett,gmullett1n@altervista.org,Female,137.163.255.65
61,Bobbi,Axston,baxston1o@paypal.com,Non-binary,181.62.96.99
62,Fania,Cressey,fcressey1p@amazon.co.uk,Female,165.200.43.255
63,Clementius,Simmans,csimmans1q@wisc.edu,Male,64.5.198.42
64,Ad,Sines,asines1r@example.com,Male,144.143.28.87
65,Caroljean,Picford,cpicford1s@hp.com,Female,234.184.230.57
66,Karlen,Antognelli,kantognelli1t@nps.gov,Female,195.179.197.212
67,Darcey,Scaice,dscaice1u@godaddy.com,Female,23.250.117.175
68,Hartley,Starcks,hstarcks1v@prnewswire.com,Male,37.152.65.192
69,Abbe,Scheffler,ascheffler1w@archive.org,Female,178.70.111.252
70,Yank,Dulake,ydulake1x@eventbrite.com,Male,254.246.160.248
71,Arielle,Cason,acason1y@tripod.com,Female,48.65.142.177
72,Abie,Iglesiaz,aiglesiaz1z@washingtonpost.com,Male,130.160.41.53
73,Cordell,Lorkin,clorkin20@cnbc.com,Male,51.12.4.239
74,Rhody,Escot,rescot21@pinterest.com,Female,117.219.43.176
75,Ronald,Wheater,rwheater22@pinterest.com,Male,182.104.10.21
76,Hilario,Grevile,hgrevile23@behance.net,Male,21.60.188.194
77,Jillie,Gianninotti,jgianninotti24@stumbleupon.com,Female,30.121.247.144
78,Alexa,Ledgister,aledgister25@delicious.com,Female,160.91.89.140
79,Sloane,Hancell,shancell26@businesswire.com,Agender,142.144.5.161
80,Aharon,Abel,aabel27@imdb.com,Male,57.130.128.19
81,Tristam,Inkin,tinkin28@icq.com,Male,91.146.220.72
82,Toby,Brann,tbrann29@ucsd.edu,Female,242.186.96.159
83,Stacey,Ramiro,sramiro2a@live.com,Genderfluid,115.178.153.112
84,Ruthann,Gramer,rgramer2b@soundcloud.com,Female,162.179.149.184
85,Peirce,Whardley,pwhardley2c@reddit.com,Male,204.117.251.14
86,Arron,Workman,aworkman2d@unicef.org,Male,29.189.94.35
87,Leland,Guerin,lguerin2e@state.tx.us,Male,10.234.250.114
88,Willis,Tart,wtart2f@boston.com,Male,187.127.219.107
89,Cull,Minister,cminister2g@oaic.gov.au,Male,69.163.180.137
90,Etty,Lindstrom,elindstrom2h@sogou.com,Female,212.178.112.255
91,Marianne,Sharpous,msharpous2i@alexa.com,Female,102.22.227.196
92,Barde,Croan,bcroan2j@amazon.de,Agender,224.128.197.175
93,Laurie,Rosentholer,lrosentholer2k@github.com,Female,239.246.177.49
94,Hedwiga,Kepe,hkepe2l@amazon.co.jp,Female,45.219.232.218
95,Valentina,Ogle,vogle2m@ft.com,Female,20.232.151.95
96,Cristabel,Senten,csenten2n@yandex.ru,Female,118.192.175.49
97,Charita,Needham,cneedham2o@xrea.com,Female,113.44.254.238
98,Curtice,Franzonello,cfranzonello2p@marriott.com,Male,173.34.245.119
99,Charissa,Dufaur,cdufaur2q@adobe.com,Agender,45.21.106.160
100,Frazer,Haycroft,fhaycroft2r@blog.com,Male,153.87.227.199
101,Diego,Fronsek,dfronsek2s@last.fm,Male,129.14.10.235
102,Anjanette,Shegog,ashegog2t@yandex.ru,Female,165.85.151.72
103,Harley,Follit,hfollit2u@plala.or.jp,Genderqueer,10.67.102.39
104,Peirce,Winser,pwinser2v@cargocollective.com,Male,115.5.245.149
105,Arlana,Burle,aburle2w@google.nl,Female,164.173.10.0
106,Guinna,Kneale,gkneale2x@eventbrite.com,Female,145.50.130.144
107,Gradeigh,Land,gland2y@a8.net,Male,60.93.217.11
108,Toma,Gouda,tgouda2z@acquirethisname.com,Female,136.2.21.110
109,Lorelle,Pimm,lpimm30@odnoklassniki.ru,Female,65.236.58.9
110,Lilyan,Lightollers,llightollers31@blogs.com,Female,71.209.56.172
111,Suzette,Behning,sbehning32@reference.com,Female,182.13.91.205
112,Weber,Peniello,wpeniello33@dailymotion.com,Male,161.23.187.5
113,Anstice,Chuter,achuter34@cnbc.com,Female,206.119.72.16
114,Lita,MacDunleavy,lmacdunleavy35@multiply.com,Female,248.160.204.58
115,Donnie,Nossent,dnossent36@theguardian.com,Female,8.123.117.33
116,Babbie,Mellings,bmellings37@nymag.com,Female,32.146.124.89
117,Lennie,Kinsell,lkinsell38@whitehouse.gov,Male,32.110.120.173
118,Shalne,Leacock,sleacock39@hud.gov,Female,158.236.238.66
119,Alaric,Featonby,afeatonby3a@creativecommons.org,Male,157.28.179.16
120,Milly,Branwhite,mbranwhite3b@comcast.net,Polygender,199.159.188.105
121,Dodie,Newband,dnewband3c@moonfruit.com,Female,209.213.110.100
122,Windy,Silwood,wsilwood3d@opera.com,Female,164.204.122.148
123,Denice,Krale,dkrale3e@fc2.com,Female,118.222.3.165
124,Maressa,Clapton,mclapton3f@uol.com.br,Female,13.243.139.142
125,Finlay,Yakhin,fyakhin3g@vinaora.com,Male,97.47.128.128
126,Julienne,Carolan,jcarolan3h@ftc.gov,Female,233.122.237.235
127,Mort,Wheeldon,mwheeldon3i@storify.com,Male,114.156.252.50
128,Auberta,Shipman,ashipman3j@earthlink.net,Female,8.240.18.23
129,Hedi,Lawdham,hlawdham3k@friendfeed.com,Female,123.22.233.77
130,Leupold,Scurry,lscurry3l@theguardian.com,Male,107.11.214.214
131,Elene,Arends,earends3m@msn.com,Female,99.99.131.16
132,Davide,Korbmaker,dkorbmaker3n@pcworld.com,Male,99.146.228.181
133,Sibyl,Blackborne,sblackborne3o@aboutads.info,Female,174.20.60.199
134,Pip,Dix,pdix3p@sfgate.com,Male,28.198.203.178
135,Elnar,Attyeo,eattyeo3q@miitbeian.gov.cn,Male,216.71.222.15
136,Lexy,Volett,lvolett3r@zimbio.com,Polygender,37.38.216.233
137,Christoper,Arndt,carndt3s@altervista.org,Genderfluid,147.70.159.60
138,Corabelle,Gilligan,cgilligan3t@homestead.com,Female,23.181.238.1
139,Ethelred,Pashe,epashe3u@pagesperso-orange.fr,Bigender,86.169.65.121
140,Dorella,Jayme,djayme3v@wsj.com,Female,70.186.249.244
141,Rici,Schirok,rschirok3w@biblegateway.com,Female,93.154.105.8
142,Kaine,Cotillard,kcotillard3x@un.org,Male,226.98.95.138
143,Maybelle,Vynoll,mvynoll3y@uol.com.br,Polygender,39.135.1.181
144,Netta,Jeremaes,njeremaes3z@sfgate.com,Female,206.132.108.130
145,Cobb,Gianneschi,cgianneschi40@va.gov,Male,134.40.8.210
146,Drucill,Yerill,dyerill41@yahoo.com,Polygender,72.149.61.230
147,Janeen,Ferres,jferres42@google.com.au,Female,0.138.99.101
148,Ilysa,Rocks,irocks43@sun.com,Female,166.243.56.71
149,Rubie,Paulsson,rpaulsson44@dot.gov,Female,24.62.77.50
150,Lindsey,Earl,learl45@e-recht24.de,Male,184.130.201.248
151,Charla,McAloren,cmcaloren46@time.com,Female,79.187.76.110
152,Janella,Harmon,jharmon47@utexas.edu,Female,221.249.47.211
153,Kaia,Mapson,kmapson48@wikispaces.com,Female,124.203.40.23
154,Bail,Kall,bkall49@ezinearticles.com,Male,131.196.26.0
155,Ogden,Orrill,oorrill4a@usda.gov,Male,187.240.127.250
156,Arlin,Haswall,ahaswall4b@imdb.com,Male,162.46.32.170
157,Feliza,Heaffey,fheaffey4c@blogs.com,Female,74.40.202.171
158,Parrnell,Van Velde,pvanvelde4d@go.com,Male,152.183.58.57
159,Felita,Ornillos,fornillos4e@cafepress.com,Female,210.148.165.138
160,Dud,Haps,dhaps4f@vistaprint.com,Male,153.23.54.58
161,Diane,Luipold,dluipold4g@google.co.jp,Female,201.179.116.64
162,Larisa,Murrhardt,lmurrhardt4h@google.co.uk,Female,250.250.205.68
163,Nara,Purrington,npurrington4i@army.mil,Female,130.134.97.19
164,Lorry,Heading,lheading4j@xrea.com,Male,99.147.155.185
165,Nani,Kevlin,nkevlin4k@hhs.gov,Female,42.61.6.108
166,Otes,Lawland,olawland4l@blogtalkradio.com,Male,12.98.49.29
167,Laryssa,Joburn,ljoburn4m@newsvine.com,Female,175.15.11.202
168,Heath,Rigardeau,hrigardeau4n@bloglovin.com,Male,36.33.252.4
169,Jo,Pandya,jpandya4o@nationalgeographic.com,Male,174.23.184.156
170,Jillie,Laden,jladen4p@pinterest.com,Female,100.161.40.33
171,Babs,Vasentsov,bvasentsov4q@addthis.com,Female,15.224.195.77
172,Tomas,Martugin,tmartugin4r@clickbank.net,Male,178.250.203.253
173,Cathlene,Billingham,cbillingham4s@yolasite.com,Female,242.94.216.159
174,Raddy,Wahner,rwahner4t@shutterfly.com,Male,0.100.154.110
175,Sinclare,McDuffie,smcduffie4u@google.co.jp,Genderfluid,125.224.209.127
176,Royal,Dowdney,rdowdney4v@alibaba.com,Male,247.174.35.41
177,Jorry,Deftie,jdeftie4w@symantec.com,Female,73.5.175.188
178,Oswald,Cromwell,ocromwell4x@123-reg.co.uk,Male,210.9.124.230
179,Domenic,Gilroy,dgilroy4y@si.edu,Male,91.116.81.24
180,Orsa,Grishunin,ogrishunin4z@vinaora.com,Female,138.49.42.103
181,Lane,Hadeke,lhadeke50@nba.com,Female,136.128.163.39
182,Cortney,Patience,cpatience51@ycombinator.com,Female,248.215.224.94
183,Eran,Applin,eapplin52@behance.net,Female,49.40.48.17
184,Colas,Enderson,cenderson53@tinypic.com,Male,1.28.250.90
185,Arabelle,Deeprose,adeeprose54@com.com,Female,232.197.157.171
186,Prescott,Ottewell,pottewell55@gmpg.org,Male,198.250.136.177
187,Cassius,Ivatts,civatts56@npr.org,Male,150.27.106.254
188,Darlleen,Cuncarr,dcuncarr57@mysql.com,Female,208.82.54.222
189,Ariela,Newbatt,anewbatt58@domainmarket.com,Female,152.62.129.187
190,Dietrich,Gitting,dgitting59@free.fr,Non-binary,145.31.185.227
191,Adams,Caruth,acaruth5a@census.gov,Genderfluid,49.143.23.214
192,Levin,Kuhnel,lkuhnel5b@newyorker.com,Male,182.175.134.195
193,Emmit,Ausello,eausello5c@unesco.org,Male,124.106.44.118
194,Claudianus,Short,cshort5d@spotify.com,Male,32.179.103.28
195,Sheila-kathryn,Lemmon,slemmon5e@jigsy.com,Genderqueer,189.107.18.92
196,Gaile,Connop,gconnop5f@utexas.edu,Male,8.244.177.75
197,Nester,Camelin,ncamelin5g@umn.edu,Male,85.143.91.15
198,Nonna,Pfeiffer,npfeiffer5h@spotify.com,Female,119.100.159.225
199,Ailsun,Burgwin,aburgwin5i@cisco.com,Female,13.112.142.16
200,Bellina,Swateridge,bswateridge5j@pinterest.com,Female,211.118.209.215
201,Venus,Birkmyre,vbirkmyre5k@globo.com,Agender,69.255.188.185
202,Fax,Duff,fduff5l@fc2.com,Male,192.50.81.164
203,Annamaria,Osmint,aosmint5m@sciencedaily.com,Female,218.152.201.54
204,Benito,Tinkham,btinkham5n@51.la,Male,201.60.12.46
205,Cecilio,Dredge,cdredge5o@mozilla.com,Male,20.46.246.132
206,Nana,Castillon,ncastillon5p@ebay.com,Female,105.12.26.59
207,Gardy,Janson,gjanson5q@etsy.com,Male,65.185.52.24
208,Loy,Gradley,lgradley5r@auda.org.au,Agender,176.123.92.106
209,Hyman,Fawcett,hfawcett5s@intel.com,Male,170.244.72.188
210,Agustin,Kern,akern5t@nytimes.com,Male,14.231.235.107
211,Barthel,Choppin,bchoppin5u@census.gov,Male,166.35.195.234
212,Juanita,Klimek,jklimek5v@soup.io,Polygender,237.134.100.122
213,Corey,Caskey,ccaskey5w@newsvine.com,Female,115.191.124.169
214,Lannie,Tinklin,ltinklin5x@nytimes.com,Male,174.196.4.70
215,Avrom,Krollmann,akrollmann5y@sohu.com,Male,60.27.250.98
216,Prudi,Ipsgrave,pipsgrave5z@reuters.com,Female,22.137.136.43
217,Alfie,Barrell,abarrell60@washington.edu,Female,22.98.172.183
218,Felipe,Aubert,faubert61@china.com.cn,Male,250.141.158.161
219,Don,Mandry,dmandry62@google.es,Male,210.169.13.170
220,Pollyanna,Rambaut,prambaut63@soundcloud.com,Female,55.27.214.255
221,Lanie,Jaggar,ljaggar64@bbb.org,Male,53.63.111.114
222,Barron,Gercken,bgercken65@skype.com,Male,142.63.218.40
223,Brant,Lawrey,blawrey66@geocities.com,Male,39.218.65.122
224,Drusi,Castagna,dcastagna67@bbb.org,Bigender,164.77.22.187
225,Tiphany,Zelner,tzelner68@scribd.com,Female,163.6.5.231
226,Jeddy,Feronet,jferonet69@google.nl,Male,216.201.198.37
227,Faye,Puttergill,fputtergill6a@shutterfly.com,Female,167.10.96.112
228,Kacey,Hegel,khegel6b@networkadvertising.org,Female,223.212.255.134
229,Charlene,Eaddy,ceaddy6c@goo.ne.jp,Agender,203.22.182.171
230,Andros,Luke,aluke6d@amazonaws.com,Male,178.43.101.197
231,Lilas,Imlach,limlach6e@simplemachines.org,Female,90.74.248.49
232,Lib,Galey,lgaley6f@rediff.com,Female,197.33.219.100
233,Krystal,Dugue,kdugue6g@weebly.com,Female,194.68.75.66
234,Lind,Saxelby,lsaxelby6h@nytimes.com,Male,165.79.210.77
235,Hasheem,de Copeman,hdecopeman6i@alibaba.com,Male,146.189.217.177
236,Vale,Marieton,vmarieton6j@xrea.com,Female,233.93.30.86
237,Calli,Okeshott,cokeshott6k@storify.com,Female,188.163.172.121
238,Andrea,Wandless,awandless6l@hatena.ne.jp,Agender,168.2.95.24
239,Iorgos,Blackden,iblackden6m@godaddy.com,Male,86.89.122.68
240,Alfie,Vanni,avanni6n@over-blog.com,Male,106.204.87.245
241,Staffard,Works,sworks6o@irs.gov,Male,25.222.194.229
242,Gates,Iskov,giskov6p@jalbum.net,Non-binary,53.94.184.242
243,Barnabas,Yarrall,byarrall6q@blinklist.com,Male,15.81.38.218
244,Rahal,Simson,rsimson6r@miibeian.gov.cn,Female,50.205.67.142
245,Kevina,Isaac,kisaac6s@barnesandnoble.com,Female,186.132.223.156
246,Tobye,Keble,tkeble6t@mlb.com,Female,50.9.219.65
247,Gerda,Machel,gmachel6u@phoca.cz,Female,38.32.176.167
248,Nettie,Larimer,nlarimer6v@columbia.edu,Female,74.101.95.243
249,Marshall,Jedrzejkiewicz,mjedrzejkiewicz6w@nps.gov,Male,162.193.91.214
250,Avivah,Paragreen,aparagreen6x@marketwatch.com,Female,252.95.246.165
251,Vernice,Fibbings,vfibbings6y@home.pl,Female,4.48.9.102
252,Shelden,Stredder,sstredder6z@buzzfeed.com,Male,151.124.172.81
253,Evered,Stoneley,estoneley70@fc2.com,Male,8.218.129.88
254,Gene,Daymont,gdaymont71@photobucket.com,Female,92.13.112.202
255,Wernher,Heistermann,wheistermann72@engadget.com,Male,124.240.100.184
256,Julie,Abbatini,jabbatini73@cyberchimps.com,Male,244.24.109.252
257,Sherwin,Grills,sgrills74@ihg.com,Male,103.84.234.163
258,Melvyn,Pote,mpote75@stanford.edu,Male,116.22.18.168
259,Guglielmo,Ricardin,gricardin76@cbsnews.com,Male,81.142.8.95
260,Donnie,Kaesmans,dkaesmans77@hostgator.com,Female,218.215.3.18
261,Perla,Clulee,pclulee78@scientificamerican.com,Female,49.133.228.226
262,Rockwell,Gass,rgass79@issuu.com,Male,61.134.55.156
263,Gisela,McNeilly,gmcneilly7a@time.com,Female,219.204.225.149
264,Legra,Fellona,lfellona7b@boston.com,Female,149.212.98.245
265,Nellie,Sydenham,nsydenham7c@photobucket.com,Female,232.21.13.88
266,Sanders,Di Giacomettino,sdigiacomettino7d@go.com,Male,126.39.11.120
267,Waverley,Katt,wkatt7e@live.com,Male,54.119.25.241
268,Constancy,Viner,cviner7f@usda.gov,Female,239.34.30.193
269,Deane,Cowburn,dcowburn7g@phoca.cz,Male,22.93.252.63
270,Stanwood,Yule,syule7h@bbb.org,Male,38.162.57.206
271,Hussein,Mustchin,hmustchin7i@unesco.org,Male,73.172.237.94
272,Rip,Plumley,rplumley7j@cbc.ca,Male,243.49.127.109
273,Druci,Rimmer,drimmer7k@com.com,Female,248.7.203.118
274,Phaidra,Allnatt,pallnatt7l@hhs.gov,Female,230.1.176.144
275,Daryl,Ruecastle,druecastle7m@patch.com,Male,148.160.91.143
276,Vicki,Fayers,vfayers7n@nydailynews.com,Female,60.22.58.127
277,Leonore,Glowacha,lglowacha7o@samsung.com,Female,48.164.48.199
278,Lev,Windridge,lwindridge7p@theglobeandmail.com,Polygender,174.199.152.146
279,Gayla,Pollard,gpollard7q@imdb.com,Female,148.243.157.8
280,Towny,Conor,tconor7r@altervista.org,Non-binary,209.206.61.23
281,Lorne,Maleney,lmaleney7s@storify.com,Polygender,37.0.211.68
282,Fairlie,Thornhill,fthornhill7t@kickstarter.com,Male,162.77.122.177
283,Dewain,Drinkwater,ddrinkwater7u@e-recht24.de,Male,121.53.65.151
284,Theodora,Nason,tnason7v@nifty.com,Female,30.39.84.122
285,Meir,Paydon,mpaydon7w@admin.ch,Male,134.21.86.110
286,Crystie,Brownbridge,cbrownbridge7x@simplemachines.org,Female,121.19.240.25
287,Connor,Roumier,croumier7y@eventbrite.com,Genderfluid,93.19.51.255
288,Miller,Fattori,mfattori7z@networksolutions.com,Male,164.179.181.11
289,Jordana,Kilfoyle,jkilfoyle80@hubpages.com,Female,247.177.81.160
290,Dillon,Readwing,dreadwing81@seattletimes.com,Male,164.98.137.128
291,Karyl,Mutimer,kmutimer82@hatena.ne.jp,Female,134.62.244.230
292,Ethelyn,Pasmore,epasmore83@php.net,Polygender,202.99.194.21
293,Pryce,Algeo,palgeo84@hubpages.com,Male,14.238.96.1
294,Madella,MacNair,mmacnair85@free.fr,Female,129.79.232.85
295,Norbie,Riddoch,nriddoch86@abc.net.au,Bigender,0.217.237.28
296,Ardra,Witherdon,awitherdon87@nytimes.com,Female,9.58.196.84
297,Larina,Acock,lacock88@prweb.com,Genderqueer,117.122.66.127
298,Dorian,Barmby,dbarmby89@merriam-webster.com,Male,25.64.142.3
299,Colette,Sly,csly8a@bloomberg.com,Female,201.200.199.145
300,Culley,Casotti,ccasotti8b@merriam-webster.com,Male,216.171.189.232
301,Freedman,Lathey,flathey8c@friendfeed.com,Male,18.254.24.129
302,Reggie,Brecknock,rbrecknock8d@chronoengine.com,Polygender,217.14.92.118
303,Sascha,Hayles,shayles8e@imageshack.us,Female,62.97.203.57
304,Rosie,Urion,rurion8f@nationalgeographic.com,Female,205.116.82.29
305,Kristi,Klimczak,kklimczak8g@cam.ac.uk,Female,23.104.129.213
306,Rosanne,Espada,respada8h@twitpic.com,Female,198.147.77.201
307,Graham,Nurny,gnurny8i@hexun.com,Male,73.171.20.73
308,Mavis,Darnody,mdarnody8j@4shared.com,Female,148.166.81.185
309,Mathian,Bortolussi,mbortolussi8k@storify.com,Male,45.219.186.37
310,Mareah,Ogger,mogger8l@umn.edu,Female,192.230.149.75
311,Maximilian,McBlain,mmcblain8m@wisc.edu,Male,79.52.238.32
312,Lilias,Halsall,lhalsall8n@skyrock.com,Female,232.118.114.67
313,Shamus,Assandri,sassandri8o@buzzfeed.com,Male,230.82.239.177
314,Cam,Greenslade,cgreenslade8p@epa.gov,Male,127.255.35.7
315,Dorothea,Tamburo,dtamburo8q@plala.or.jp,Female,18.175.222.8
316,Claresta,Hucker,chucker8r@ow.ly,Female,134.223.4.222
317,Cam,Stitson,cstitson8s@archive.org,Female,229.114.172.159
318,Charlton,Angove,cangove8t@jigsy.com,Male,168.91.247.95
319,Bradford,Watman,bwatman8u@amazon.co.uk,Male,68.74.247.196
320,Jami,Lacoste,jlacoste8v@businessinsider.com,Female,194.110.205.220
321,Birgitta,MacCurley,bmaccurley8w@hostgator.com,Female,177.0.241.246
322,Ansel,Dorr,adorr8x@tiny.cc,Male,74.220.61.25
323,Ariella,Stable,astable8y@deliciousdays.com,Female,24.68.27.159
324,Benedetto,Bradforth,bbradforth8z@china.com.cn,Male,148.209.164.232
325,Gabi,Gregol,ggregol90@amazonaws.com,Male,72.85.136.2
326,Derk,Keener,dkeener91@prlog.org,Male,131.245.111.66
327,Felicio,Nobriga,fnobriga92@cdc.gov,Agender,81.213.146.89
328,Krystalle,Phizackerly,kphizackerly93@wix.com,Female,95.218.195.90
329,Alexis,Colthurst,acolthurst94@narod.ru,Agender,230.135.20.250
330,Marjory,MacCrosson,mmaccrosson95@desdev.cn,Female,226.46.168.233
331,Rosalynd,Bussel,rbussel96@xinhuanet.com,Female,11.99.169.180
332,Standford,Sheekey,ssheekey97@nytimes.com,Male,141.136.252.55
333,Alejandro,Rubertis,arubertis98@skype.com,Male,50.37.147.26
334,Lana,Kellegher,lkellegher99@home.pl,Female,158.149.181.212
335,Alf,Hovey,ahovey9a@deliciousdays.com,Male,108.190.143.170
336,Clare,Ship,cship9b@booking.com,Male,143.16.111.214
337,Merrie,Hallford,mhallford9c@businesswire.com,Female,250.117.86.166
338,Trixi,Sanham,tsanham9d@networksolutions.com,Female,44.70.85.209
339,Gussy,Ramas,gramas9e@uol.com.br,Female,25.184.135.125
340,Iago,Ksandra,iksandra9f@vk.com,Male,244.38.10.67
341,Angil,Beange,abeange9g@livejournal.com,Female,40.126.132.42
342,Davine,Silvester,dsilvester9h@about.me,Female,25.29.241.86
343,Yancy,Silbermann,ysilbermann9i@istockphoto.com,Male,133.212.129.153
344,Arlen,Tomaszynski,atomaszynski9j@bloomberg.com,Non-binary,136.102.238.131
345,Geoffrey,Peartree,gpeartree9k@stumbleupon.com,Male,9.177.209.58
346,Shadow,Gleader,sgleader9l@simplemachines.org,Male,29.95.142.7
347,Bertine,Wellesley,bwellesley9m@dot.gov,Female,29.93.153.43
348,Dody,Laird,dlaird9n@cmu.edu,Female,49.36.253.87
349,Thom,Pitbladdo,tpitbladdo9o@auda.org.au,Male,184.169.41.71
350,Sibley,Postgate,spostgate9p@paginegialle.it,Female,31.182.225.114
351,Edna,Sidebotton,esidebotton9q@theatlantic.com,Female,119.65.183.217
352,Betteann,Dalgarnocht,bdalgarnocht9r@uiuc.edu,Female,66.193.149.61
353,Guthrey,Mifflin,gmifflin9s@intel.com,Male,238.180.74.163
354,Vitoria,Burgane,vburgane9t@sogou.com,Female,206.31.8.34
355,Nicolis,Martinuzzi,nmartinuzzi9u@bing.com,Male,166.182.221.244
356,Moritz,Oubridge,moubridge9v@patch.com,Male,89.183.100.250
357,Mora,Corkish,mcorkish9w@accuweather.com,Female,200.125.37.106
358,Phaidra,Winterscale,pwinterscale9x@twitter.com,Female,16.106.195.196
359,Stephanus,Ledes,sledes9y@liveinternet.ru,Male,251.249.236.108
360,Kelley,Fray,kfray9z@tuttocitta.it,Male,178.221.193.221
361,Shelia,Anyon,sanyona0@pinterest.com,Female,5.218.129.212
362,Jilly,Sikorski,jsikorskia1@uiuc.edu,Female,28.58.246.248
363,Mitchell,Edelheid,medelheida2@wikipedia.org,Male,94.42.206.27
364,Hilde,Charles,hcharlesa3@hud.gov,Female,76.195.158.151
365,Desdemona,Le Hucquet,dlehucqueta4@shutterfly.com,Female,61.131.150.233
366,Creigh,Sellen,csellena5@addthis.com,Male,120.184.145.57
367,Pierrette,Sleep,psleepa6@scientificamerican.com,Female,171.114.65.15
368,Annamarie,Burkin,aburkina7@house.gov,Female,62.142.25.23
369,Philippine,Dermott,pdermotta8@cbc.ca,Female,97.239.47.197
370,Maren,Shitliff,mshitliffa9@ebay.co.uk,Female,177.52.24.159
371,Lewie,Martino,lmartinoaa@chicagotribune.com,Male,179.155.202.128
372,Buiron,Kuhlen,bkuhlenab@europa.eu,Male,91.241.212.233
373,Elmira,Master,emasterac@goo.ne.jp,Female,157.115.75.46
374,Corey,Janowski,cjanowskiad@ftc.gov,Agender,236.137.202.162
375,Artemis,Ramberg,arambergae@tripod.com,Male,74.68.185.153
376,Aleen,Gault,agaultaf@usda.gov,Female,129.39.149.231
377,Erna,Roydon,eroydonag@i2i.jp,Genderqueer,199.49.102.230
378,Perkin,L' Estrange,plestrangeah@blinklist.com,Male,104.148.234.58
379,Emogene,Mollin,emollinai@upenn.edu,Female,10.151.204.66
380,Avram,Pinnigar,apinnigaraj@cocolog-nifty.com,Male,136.1.155.168
381,Hope,Kalderon,hkalderonak@msn.com,Female,161.194.183.114
382,Aldo,Greensitt,agreensittal@plala.or.jp,Male,137.60.35.195
383,Caroljean,Mallinar,cmallinaram@sitemeter.com,Polygender,130.48.30.136
384,Doralyn,MacCaig,dmaccaigan@shop-pro.jp,Female,219.255.159.63
385,Emmet,Rattray,erattrayao@ameblo.jp,Male,102.36.5.27
386,Marian,Winyard,mwinyardap@psu.edu,Female,211.77.71.146
387,Alvan,Dixey,adixeyaq@hp.com,Male,114.171.82.0
388,Faina,Shipcott,fshipcottar@answers.com,Female,2.18.184.132
389,Christian,Morbey,cmorbeyas@usda.gov,Male,169.52.35.25
390,Kasey,Girod,kgirodat@amazon.co.jp,Female,95.109.104.200
391,Eb,Shipp,eshippau@vkontakte.ru,Agender,20.35.185.74
392,Tedi,Caplis,tcaplisav@sakura.ne.jp,Female,202.232.251.7
393,Auguste,Wickett,awickettaw@house.gov,Female,63.98.161.105
394,Nappy,Gaynesford,ngaynesfordax@reddit.com,Bigender,177.219.202.74
395,Lisha,Philps,lphilpsay@instagram.com,Female,227.195.110.39
396,Edward,Matteoli,ematteoliaz@myspace.com,Male,128.149.32.182
397,Dalli,Bernardeau,dbernardeaub0@ycombinator.com,Male,246.54.72.80
398,Mabel,Wrates,mwratesb1@va.gov,Female,44.145.11.195
399,Benyamin,Cricket,bcricketb2@geocities.com,Male,185.94.126.106
400,Brittan,Mailey,bmaileyb3@ovh.net,Female,37.182.155.13
401,Tessa,Parsons,tparsonsb4@noaa.gov,Female,58.36.70.214
402,Kamillah,Mottinelli,kmottinellib5@so-net.ne.jp,Female,110.107.171.5
403,Hermine,Blount,hblountb6@51.la,Female,4.190.201.35
404,Sarina,Stallybrass,sstallybrassb7@imageshack.us,Female,166.147.208.113
405,Ammamaria,Helsby,ahelsbyb8@people.com.cn,Female,21.109.142.86
406,Ewan,Gowry,egowryb9@flickr.com,Male,110.164.231.61
407,Raquel,Cleft,rcleftba@hatena.ne.jp,Female,251.119.92.129
408,Catha,Dishmon,cdishmonbb@nsw.gov.au,Female,152.5.248.106
409,Claudian,Sidwick,csidwickbc@theguardian.com,Male,168.188.83.68
410,Kellia,Tilliard,ktilliardbd@chron.com,Female,224.105.1.84
411,Rory,Broader,rbroaderbe@bluehost.com,Female,70.48.72.85
412,Blanch,Whimper,bwhimperbf@ted.com,Female,36.231.68.91
413,Janine,Rookesby,jrookesbybg@storify.com,Female,144.98.190.82
414,Dani,Shrimptone,dshrimptonebh@globo.com,Male,35.227.182.133
415,King,Matterdace,kmatterdacebi@google.cn,Male,227.10.60.24
416,Hakeem,Wombwell,hwombwellbj@trellian.com,Male,33.30.20.127
417,Shae,Marcombe,smarcombebk@wufoo.com,Male,24.188.192.16
418,Fay,Stroobant,fstroobantbl@weibo.com,Female,0.166.73.114
419,Darby,Southey,dsoutheybm@zimbio.com,Male,42.126.246.227
420,Manda,Pawelek,mpawelekbn@ezinearticles.com,Non-binary,102.54.88.237
421,Arie,Melan,amelanbo@webmd.com,Male,233.166.58.158
422,Rodi,MacAindreis,rmacaindreisbp@aol.com,Female,131.187.8.155
423,Kin,Leatherland,kleatherlandbq@virginia.edu,Male,152.173.72.62
424,Georgie,Lilleyman,glilleymanbr@marketwatch.com,Female,127.250.119.108
425,Bridgette,Brinklow,bbrinklowbs@mtv.com,Female,197.24.154.181
426,Ardelia,Joscelin,ajoscelinbt@microsoft.com,Female,64.145.251.5
427,Leland,Pesik,lpesikbu@mayoclinic.com,Female,234.228.115.73
428,Griffie,Marland,gmarlandbv@webnode.com,Male,245.180.215.181
429,Stefanie,Lorant,slorantbw@who.int,Female,211.182.98.24
430,Peria,Yakobowitch,pyakobowitchbx@gmpg.org,Female,79.111.236.225
431,Jamal,Bortolotti,jbortolottiby@usnews.com,Male,12.48.108.217
432,Idelle,Baudone,ibaudonebz@drupal.org,Female,221.47.147.74
433,Jessie,Winsom,jwinsomc0@bing.com,Female,47.216.102.14
434,Ibrahim,Quarrie,iquarriec1@ifeng.com,Male,20.6.111.111
435,Delora,Charteris,dcharterisc2@amazon.de,Female,8.48.28.215
436,Ban,Roberds,broberdsc3@sciencedirect.com,Male,133.205.89.203
437,Wally,Upstell,wupstellc4@purevolume.com,Genderfluid,3.48.199.212
438,Brooke,Lamblin,blamblinc5@storify.com,Female,11.20.154.153
439,Dal,Okie,dokiec6@dailymotion.com,Male,95.143.82.163
440,Saba,Choat,schoatc7@nifty.com,Genderqueer,79.184.16.235
441,Merrill,Toretta,mtorettac8@merriam-webster.com,Female,36.156.109.188
442,Loy,Chomiszewski,lchomiszewskic9@google.it,Male,59.233.187.191
443,Gideon,Spriddle,gspriddleca@pbs.org,Male,250.78.213.125
444,Karleen,Hewins,khewinscb@bravesites.com,Female,3.176.219.249
445,Kienan,Handsheart,khandsheartcc@mtv.com,Male,26.198.102.120
446,Drake,Abbess,dabbesscd@last.fm,Male,218.189.207.197
447,Gerhard,Dullard,gdullardce@istockphoto.com,Genderfluid,69.175.199.248
448,Austin,Dignon,adignoncf@un.org,Male,136.117.255.28
449,Odessa,Paybody,opaybodycg@smugmug.com,Female,179.89.180.29
450,Gilli,Melburg,gmelburgch@washington.edu,Female,24.253.161.202
451,Seamus,Siaskowski,ssiaskowskici@google.it,Male,131.108.70.215
452,Gayla,Charrett,gcharrettcj@bloomberg.com,Female,128.188.161.3
453,Pierre,Van der Kruijs,pvanderkruijsck@princeton.edu,Male,16.85.12.186
454,Angus,Prator,apratorcl@rakuten.co.jp,Male,148.51.47.8
455,Tomasina,Banes,tbanescm@cbc.ca,Female,219.34.44.140
456,Hardy,Bartelot,hbartelotcn@nytimes.com,Male,165.157.170.69
457,Tripp,Mulvenna,tmulvennaco@gizmodo.com,Male,251.34.12.111
458,Lind,Klimpt,lklimptcp@ucoz.ru,Male,209.153.202.154
459,Brandon,Peracco,bperaccocq@webs.com,Male,62.63.113.12
460,Tori,MacMearty,tmacmeartycr@ycombinator.com,Female,158.3.106.157
461,Kassia,Pendrill,kpendrillcs@umich.edu,Female,5.3.204.93
462,Gabi,Beldan,gbeldanct@nps.gov,Female,122.192.43.118
463,Brendin,Mattacks,bmattackscu@patch.com,Male,99.194.59.210
464,Brinn,Frenzel;,bfrenzelcv@pcworld.com,Genderqueer,98.218.154.41
465,Berk,Strood,bstroodcw@istockphoto.com,Male,181.180.241.214
466,Hilarius,Armin,harmincx@icio.us,Male,79.40.19.33
467,Reamonn,Sterke,rsterkecy@sbwire.com,Male,232.143.17.229
468,Decca,Iowarch,diowarchcz@businessweek.com,Male,101.239.255.116
469,Collie,Jilliss,cjillissd0@omniture.com,Female,127.13.133.66
470,Tildie,Clubb,tclubbd1@amazon.de,Female,194.200.147.0
471,Homere,Borthe,hborthed2@linkedin.com,Male,80.182.148.209
472,Tory,Eames,teamesd3@163.com,Female,26.217.183.121
473,Ferdy,Pidgeley,fpidgeleyd4@uiuc.edu,Male,16.139.224.200
474,Christos,Byford,cbyfordd5@nature.com,Polygender,214.56.208.118
475,Hana,Shawcroft,hshawcroftd6@wufoo.com,Female,144.84.191.72
476,Phil,Humble,phumbled7@google.ca,Non-binary,34.11.116.214
477,Dewie,Heyfield,dheyfieldd8@technorati.com,Male,202.127.171.177
478,Fonz,Hubble,fhubbled9@answers.com,Male,24.209.209.14
479,Shellysheldon,Gladwell,sgladwellda@dedecms.com,Male,194.71.33.144
480,Maible,Beverstock,mbeverstockdb@printfriendly.com,Female,235.26.184.108
481,Peirce,Murthwaite,pmurthwaitedc@parallels.com,Male,91.226.185.55
482,Vasili,Doey,vdoeydd@tripadvisor.com,Male,75.91.189.211
483,Dianne,Silverstone,dsilverstonede@networksolutions.com,Female,205.73.36.204
484,Eamon,Brigg,ebriggdf@latimes.com,Male,54.9.199.241
485,Doretta,Carletto,dcarlettodg@mit.edu,Agender,178.244.50.216
486,Cord,Shaddick,cshaddickdh@utexas.edu,Male,211.183.152.136
487,Donnie,Balderston,dbalderstondi@scientificamerican.com,Male,192.70.244.120
488,Lynnett,Rountree,lrountreedj@walmart.com,Female,203.60.80.89
489,Hunfredo,Adelberg,hadelbergdk@google.com,Male,168.62.194.200
490,Clare,Cock,ccockdl@ft.com,Female,17.246.195.231
491,Leona,Rakes,lrakesdm@flavors.me,Female,60.43.114.196
492,Pepito,Kennion,pkenniondn@myspace.com,Genderqueer,115.107.123.237
493,Gorden,Joynt,gjoyntdo@ft.com,Male,212.159.32.136
494,Zebulon,Whaley,zwhaleydp@thetimes.co.uk,Male,9.250.92.29
495,Juditha,Ruffey,jruffeydq@prnewswire.com,Female,209.167.134.135
496,Luz,Impy,limpydr@ted.com,Female,5.41.243.120
497,Sayre,Ranfield,sranfieldds@howstuffworks.com,Male,126.180.82.219
498,Krysta,Brignell,kbrignelldt@printfriendly.com,Genderqueer,230.163.199.115
499,Haily,Jencey,hjenceydu@illinois.edu,Female,90.197.69.157
500,Liam,Bette,lbettedv@hexun.com,Male,93.184.49.54
501,Bunni,Swapp,bswappdw@businessinsider.com,Female,225.36.81.202
502,Barbie,Impson,bimpsondx@wufoo.com,Female,75.107.68.49
503,Mireille,Padginton,mpadgintondy@mashable.com,Female,226.251.144.34
504,Gaylor,Dyster,gdysterdz@parallels.com,Genderfluid,70.157.17.242
505,Bary,Josowitz,bjosowitze0@cbslocal.com,Male,247.216.63.163
506,Ricardo,Cannaway,rcannawaye1@irs.gov,Male,163.248.174.45
507,Wolfy,Skull,wskulle2@narod.ru,Male,84.142.105.103
508,Roddie,Downing,rdowninge3@ameblo.jp,Male,163.226.66.205
509,Grissel,Herion,gherione4@seesaa.net,Female,40.218.31.81
510,Ced,Lanyon,clanyone5@list-manage.com,Male,2.119.140.127
511,Wiley,Iwanicki,wiwanickie6@delicious.com,Male,6.85.205.79
512,Deloris,Verrier,dverriere7@yellowbook.com,Female,129.70.247.130
513,Wynne,O'Meara,womearae8@g.co,Female,19.88.102.45
514,Pincas,Goulthorp,pgoulthorpe9@ca.gov,Male,221.21.108.55
515,Blanch,Allpress,ballpressea@businessinsider.com,Female,173.193.72.25
516,Felicity,Vanyukhin,fvanyukhineb@xinhuanet.com,Female,62.77.248.214
517,Riordan,Redhole,rredholeec@bizjournals.com,Male,56.232.65.55
518,Mildrid,Dewer,mdewered@yellowpages.com,Non-binary,136.180.245.51
519,Dallas,Siverns,dsivernsee@cocolog-nifty.com,Male,228.50.17.75
520,Page,Child,pchildef@addthis.com,Male,254.248.110.127
521,Jerrome,Annes,janneseg@blogtalkradio.com,Male,244.102.224.205
522,Jeannette,Keasy,jkeasyeh@plala.or.jp,Bigender,55.217.4.120
523,Lovell,Harryman,lharrymanei@auda.org.au,Male,16.13.99.132
524,Kendell,Cardew,kcardewej@amazon.co.jp,Male,146.220.29.152
525,Lory,Ableson,lablesonek@fotki.com,Female,247.164.196.143
526,Bartolemo,Spileman,bspilemanel@t.co,Male,190.111.202.201
527,Romeo,Brahm,rbrahmem@census.gov,Male,106.100.203.58
528,Davidde,Blinman,dblinmanen@ezinearticles.com,Male,129.102.210.121
529,Willamina,Dominici,wdominicieo@livejournal.com,Female,42.227.203.153
530,Nefen,Dixson,ndixsonep@github.io,Male,3.68.24.11
531,Tamra,Fincken,tfinckeneq@weibo.com,Female,28.84.99.224
532,Alyosha,Unstead,aunsteader@sohu.com,Male,239.124.24.252
533,Ailsun,Lillicrap,alillicrapes@mac.com,Female,163.245.251.86
534,Durward,Browne,dbrowneet@nyu.edu,Male,209.246.11.108
535,Daria,Fitzpatrick,dfitzpatrickeu@tamu.edu,Genderqueer,10.46.16.67
536,Melanie,Decruse,mdecruseev@themeforest.net,Polygender,77.165.42.190
537,Pren,Giraths,pgirathsew@usa.gov,Male,174.198.248.148
538,Hamel,L'oiseau,hloiseauex@opensource.org,Genderfluid,76.173.165.65
539,Dorie,Carbery,dcarberyey@mayoclinic.com,Female,2.243.26.198
540,Dar,Yerby,dyerbyez@va.gov,Male,81.190.2.239
541,Lem,Berecloth,lbereclothf0@multiply.com,Polygender,78.222.139.201
542,Bryon,Sabatier,bsabatierf1@hibu.com,Male,121.158.176.97
543,Thurston,Naris,tnarisf2@cbc.ca,Male,104.74.214.27
544,Kimberlee,Royle,kroylef3@guardian.co.uk,Female,93.50.124.97
545,Leola,Niblett,lniblettf4@gnu.org,Female,113.192.81.97
546,Viole,Asaaf,vasaaff5@liveinternet.ru,Female,98.189.44.180
547,Kip,Imlaw,kimlawf6@hexun.com,Male,245.187.205.75
548,Yale,Waghorn,ywaghornf7@google.pl,Male,10.169.66.248
549,Westley,Blais,wblaisf8@tripadvisor.com,Male,177.241.86.237
550,Leroi,Nethercott,lnethercottf9@addtoany.com,Male,57.122.176.36
551,Lilllie,Fiddiman,lfiddimanfa@parallels.com,Female,67.208.246.31
552,Addy,Hoonahan,ahoonahanfb@clickbank.net,Male,167.150.131.43
553,Forest,Farryan,ffarryanfc@adobe.com,Male,60.75.18.200
554,Billy,Blaymires,bblaymiresfd@sbwire.com,Male,122.218.161.11
555,Artus,Teek,ateekfe@unc.edu,Male,47.94.8.39
556,Irene,Renny,irennyff@twitter.com,Female,195.187.17.165
557,Sullivan,Willowby,swillowbyfg@telegraph.co.uk,Male,249.223.16.57
558,Harrie,Mendus,hmendusfh@sina.com.cn,Female,76.209.55.106
559,Bogey,Ioannou,bioannoufi@va.gov,Male,158.44.192.193
560,Calypso,Wanek,cwanekfj@posterous.com,Female,116.231.242.31
561,Dasha,Giorgetti,dgiorgettifk@slashdot.org,Female,25.102.78.203
562,Justinian,Phelip,jphelipfl@paginegialle.it,Male,213.198.189.0
563,Robbie,Chismon,rchismonfm@nba.com,Female,202.11.71.247
564,Cairistiona,Ferrari,cferrarifn@si.edu,Female,215.216.94.112
565,Marti,Galgey,mgalgeyfo@is.gd,Female,51.71.0.199
566,Abbe,Stoneman,astonemanfp@reuters.com,Female,129.97.96.96
567,Kathryn,Runciman,kruncimanfq@amazon.com,Female,93.9.95.106
568,Addie,Bulstrode,abulstrodefr@sourceforge.net,Female,7.102.151.110
569,Jandy,Battisson,jbattissonfs@1und1.de,Female,72.152.251.226
570,Tabitha,Trustey,ttrusteyft@livejournal.com,Female,192.64.52.75
571,Cassandra,Faltskog,cfaltskogfu@pcworld.com,Female,45.172.223.216
572,Maren,Abbott,mabbottfv@statcounter.com,Female,25.84.53.70
573,Sileas,Pentony,spentonyfw@ft.com,Female,176.178.173.176
574,Lissi,Taveriner,ltaverinerfx@abc.net.au,Female,96.62.145.194
575,Ephrayim,Cartner,ecartnerfy@hud.gov,Male,105.24.136.115
576,Murial,Swyre,mswyrefz@goodreads.com,Female,107.234.68.114
577,Veronika,Kramer,vkramerg0@shinystat.com,Female,155.13.15.88
578,Clint,Scogin,cscoging1@gnu.org,Male,148.118.219.161
579,Kerwinn,Sandford,ksandfordg2@redcross.org,Male,54.198.27.72
580,Ashia,Le Borgne,aleborgneg3@usgs.gov,Female,8.157.42.199
581,Romeo,Yuille,ryuilleg4@nationalgeographic.com,Male,203.23.212.157
582,Lauretta,Littlecote,llittlecoteg5@cargocollective.com,Female,90.180.219.174
583,Collen,Maben,cmabeng6@elegantthemes.com,Female,238.227.27.14
584,Claudianus,Fawson,cfawsong7@indiatimes.com,Male,233.2.117.166
585,Port,Utley,putleyg8@cloudflare.com,Male,192.124.175.0
586,Jackie,Drewet,jdrewetg9@amazon.com,Male,52.192.0.211
587,Tibold,Tyrie,ttyriega@addtoany.com,Male,2.108.249.184
588,Kaitlynn,Widdocks,kwiddocksgb@miitbeian.gov.cn,Female,231.184.12.240
589,Justen,Feldfisher,jfeldfishergc@moonfruit.com,Male,48.77.226.209
590,Gisele,Aldren,galdrengd@ted.com,Female,225.13.54.224
591,Emelita,Lievesley,elievesleyge@wsj.com,Female,153.31.6.3
592,Adriena,Quincee,aquinceegf@stanford.edu,Female,15.133.176.157
593,Wendi,Tapsfield,wtapsfieldgg@howstuffworks.com,Female,16.15.31.83
594,Meryl,Canty,mcantygh@skype.com,Male,118.205.140.55
595,Sari,Brithman,sbrithmangi@seattletimes.com,Female,113.91.57.99
596,Richard,Fessby,rfessbygj@uiuc.edu,Genderqueer,0.136.190.30
597,Gibbie,Darque,gdarquegk@va.gov,Male,108.189.147.121
598,Vinnie,Gretham,vgrethamgl@cbc.ca,Male,74.201.196.56
599,Layton,Noar,lnoargm@time.com,Male,185.85.149.129
600,Larine,Gourlay,lgourlaygn@state.tx.us,Female,169.189.190.147
601,Frederigo,Mioni,fmionigo@cornell.edu,Male,119.220.69.151
602,Kahlil,Siss,ksissgp@oaic.gov.au,Male,63.184.178.236
603,Rosemarie,Ortet,rortetgq@cam.ac.uk,Female,160.80.189.185
604,Knox,Jagiello,kjagiellogr@china.com.cn,Male,41.115.23.64
605,Viole,Addison,vaddisongs@economist.com,Female,243.252.187.43
606,Ertha,Gendrich,egendrichgt@home.pl,Female,152.143.99.134
607,Flynn,Kunze,fkunzegu@unicef.org,Male,198.39.164.24
608,Fitzgerald,Frith,ffrithgv@wikia.com,Male,113.231.207.209
609,Vittorio,Dullingham,vdullinghamgw@unesco.org,Male,187.109.230.7
610,Jarred,Twigg,jtwigggx@comsenz.com,Non-binary,248.118.32.26
611,Tanitansy,Whitby,twhitbygy@mashable.com,Female,194.74.134.131
612,Reina,Walker,rwalkergz@dagondesign.com,Female,246.66.208.178
613,Andra,Woodard,awoodardh0@mlb.com,Female,220.103.201.111
614,Matthiew,Kingsworth,mkingsworthh1@mail.ru,Male,211.182.13.22
615,Jecho,Bomfield,jbomfieldh2@xing.com,Male,123.190.172.16
616,Jephthah,Royall,jroyallh3@answers.com,Male,108.248.200.47
617,Ambur,Tailby,atailbyh4@sakura.ne.jp,Female,58.90.92.128
618,Koren,Mynard,kmynardh5@techcrunch.com,Female,222.68.112.72
619,Roseann,Sabathe,rsabatheh6@google.it,Female,171.191.222.158
620,Sydney,See,sseeh7@moonfruit.com,Male,98.229.93.141
621,Carmon,Chatainier,cchatainierh8@yellowpages.com,Female,192.237.71.170
622,Stanly,Gilyatt,sgilyatth9@wsj.com,Male,115.27.90.152
623,Mirilla,McMorran,mmcmorranha@mapquest.com,Female,112.33.105.245
624,Brynn,Auty,bautyhb@hao123.com,Female,15.176.137.1
625,Lucie,Marle,lmarlehc@wordpress.com,Female,58.32.192.20
626,Darcee,Stetson,dstetsonhd@woothemes.com,Female,181.61.242.185
627,Casandra,Staining,cstaininghe@hao123.com,Agender,224.226.231.136
628,Hedwiga,Dimanche,hdimanchehf@macromedia.com,Female,124.87.43.43
629,Maure,Codrington,mcodringtonhg@paypal.com,Female,113.61.166.62
630,Misha,Agott,magotthh@newyorker.com,Female,59.212.67.47
631,Ericha,Frisby,efrisbyhi@army.mil,Female,176.145.55.208
632,Anett,Beddows,abeddowshj@reverbnation.com,Female,238.222.188.75
633,Reuven,Pilch,rpilchhk@taobao.com,Male,190.28.69.253
634,Susi,Pluck,spluckhl@ning.com,Female,39.145.159.107
635,Eustacia,Chittleburgh,echittleburghhm@artisteer.com,Polygender,253.45.16.153
636,Abraham,Lanchbery,alanchberyhn@mozilla.org,Male,83.226.25.131
637,Cherianne,Burrus,cburrusho@youtu.be,Female,137.239.38.240
638,Martina,Pickerin,mpickerinhp@themeforest.net,Female,254.92.7.171
639,Agnella,Munt,amunthq@soundcloud.com,Female,120.166.37.242
640,Shannan,Kovnot,skovnothr@house.gov,Bigender,121.137.217.217
641,Martha,McVaugh,mmcvaughhs@clickbank.net,Female,239.167.121.151
642,Trace,Livingstone,tlivingstoneht@dailymail.co.uk,Male,201.91.179.123
643,Averil,Renforth,arenforthhu@ucoz.com,Female,189.62.51.70
644,Michel,Upchurch,mupchurchhv@yahoo.co.jp,Female,225.105.182.79
645,Philly,Rickertsen,prickertsenhw@example.com,Bigender,143.202.235.76
646,Angel,Vuitton,avuittonhx@goodreads.com,Male,175.28.184.174
647,Karalynn,Caesar,kcaesarhy@nsw.gov.au,Female,86.100.141.10
648,Herby,Render,hrenderhz@ibm.com,Male,221.217.247.177
649,Maxy,Vernon,mvernoni0@narod.ru,Male,221.222.11.22
650,Madella,Willgoose,mwillgoosei1@statcounter.com,Female,242.112.247.116
651,Pearle,Elmes,pelmesi2@latimes.com,Female,205.242.230.240
652,Callie,Pionter,cpionteri3@angelfire.com,Female,184.23.230.47
653,Whittaker,Beswetherick,wbeswethericki4@smh.com.au,Male,213.19.92.220
654,Gordon,Ollenbuttel,gollenbutteli5@theguardian.com,Male,4.127.153.64
655,Silvio,Lippitt,slippitti6@hugedomains.com,Male,61.159.89.241
656,Quentin,Wem,qwemi7@yahoo.com,Female,203.156.101.224
657,Jessie,Congrave,jcongravei8@wikispaces.com,Male,235.248.153.60
658,Whitby,MacFadden,wmacfaddeni9@cnbc.com,Male,163.206.186.200
659,Theobald,Matei,tmateiia@macromedia.com,Male,25.72.247.133
660,Minetta,Tomankowski,mtomankowskiib@admin.ch,Polygender,20.109.162.48
661,Adamo,Wheelan,awheelanic@last.fm,Male,179.207.60.18
662,Britte,Domengue,bdomengueid@blog.com,Female,14.173.50.24
663,Ulrikaumeko,Cockburn,ucockburnie@disqus.com,Female,57.130.142.199
664,Sukey,Gowry,sgowryif@bloglines.com,Female,153.142.149.70
665,Shirleen,Sabate,ssabateig@latimes.com,Female,68.173.63.16
666,Betteanne,McElwee,bmcelweeih@desdev.cn,Female,103.9.25.252
667,Kimmy,Boaler,kboalerii@blogger.com,Female,239.211.125.26
668,Mellisa,Oxenham,moxenhamij@craigslist.org,Female,76.47.202.231
669,Rhetta,Kenward,rkenwardik@zimbio.com,Female,159.49.213.6
670,Wilt,Ambrogelli,wambrogelliil@bloomberg.com,Male,148.228.247.183
671,Garek,Drewes,gdrewesim@gov.uk,Male,243.83.234.250
672,Alanson,Stewartson,astewartsonin@webeden.co.uk,Male,212.135.66.101
673,Mabelle,Vanyushin,mvanyushinio@tripadvisor.com,Genderqueer,154.53.173.4
674,Taite,Laye,tlayeip@disqus.com,Male,109.33.60.13
675,Geralda,Lanceter,glanceteriq@geocities.jp,Female,118.230.40.90
676,Antonetta,Mallindine,amallindineir@soup.io,Female,54.16.88.108
677,Rem,Zanazzi,rzanazziis@go.com,Male,207.38.173.15
678,Katti,Kinnar,kkinnarit@mayoclinic.com,Female,58.26.111.151
679,Celisse,Govinlock,cgovinlockiu@dell.com,Female,41.35.13.233
680,Maurizia,Luscombe,mluscombeiv@toplist.cz,Female,177.198.1.167
681,Farleigh,Priestner,fpriestneriw@gnu.org,Male,79.186.134.166
682,Caryl,Comiskey,ccomiskeyix@dell.com,Female,121.99.78.161
683,Amalita,Carlan,acarlaniy@free.fr,Genderqueer,77.23.128.153
684,Shirlee,Ginn,sginniz@google.es,Female,120.200.171.246
685,Rouvin,Wortley,rwortleyj0@merriam-webster.com,Male,6.47.143.43
686,Mel,Burde,mburdej1@phoca.cz,Male,126.23.245.143
687,Clayborne,Grayland,cgraylandj2@google.it,Male,224.160.179.12
688,Maude,Dimitriev,mdimitrievj3@opera.com,Female,30.228.46.51
689,Sherilyn,Fahrenbach,sfahrenbachj4@dagondesign.com,Female,70.245.177.217
690,Pepe,Paff,ppaffj5@dailymotion.com,Male,204.176.113.98
691,Saundra,Maddock,smaddockj6@apache.org,Genderfluid,89.155.226.117
692,Corey,Genney,cgenneyj7@wordpress.org,Male,10.180.80.119
693,Darryl,MacKilroe,dmackilroej8@house.gov,Female,10.25.209.173
694,Christi,Simons,csimonsj9@twitter.com,Female,115.194.165.81
695,Sansone,Stronough,sstronoughja@mit.edu,Male,11.108.121.225
696,Ola,Hakey,ohakeyjb@chron.com,Female,77.64.47.252
697,Niles,Cowtherd,ncowtherdjc@nbcnews.com,Male,77.25.83.70
698,Randee,Stapford,rstapfordjd@about.me,Female,147.107.100.100
699,Darcy,Lazenby,dlazenbyje@ow.ly,Male,248.239.201.95
700,Cody,Chippindall,cchippindalljf@constantcontact.com,Female,204.145.6.242
701,Osborn,Jope,ojopejg@gnu.org,Male,164.132.216.62
702,Baldwin,Messitt,bmessittjh@springer.com,Male,144.69.116.80
703,Ollie,Duly,odulyji@wikipedia.org,Female,143.88.5.2
704,Winny,Weedall,wweedalljj@merriam-webster.com,Male,126.201.116.67
705,Hastie,Reasun,hreasunjk@skype.com,Non-binary,11.110.169.133
706,Theodore,Spellessy,tspellessyjl@ustream.tv,Male,39.99.20.179
707,Penny,Peniello,ppeniellojm@vinaora.com,Male,95.3.47.208
708,Lonnie,Duffer,ldufferjn@bbb.org,Male,43.192.75.8
709,Tulley,Goreway,tgorewayjo@statcounter.com,Genderqueer,101.231.75.39
710,Gus,Kidsley,gkidsleyjp@usatoday.com,Male,83.232.40.25
711,Aleda,Scaice,ascaicejq@imageshack.us,Female,185.101.222.175
712,Ennis,Tchir,etchirjr@ihg.com,Agender,39.134.203.203
713,Reg,Litt,rlittjs@imageshack.us,Male,130.140.115.112
714,Klaus,Kippen,kkippenjt@mit.edu,Bigender,62.89.69.145
715,Nell,Fanshawe,nfanshaweju@g.co,Female,76.150.74.164
716,Chip,Ionesco,cionescojv@dion.ne.jp,Male,107.10.83.188
717,Bria,Rosenblad,brosenbladjw@paypal.com,Female,188.237.138.239
718,Merwin,Rebeiro,mrebeirojx@arstechnica.com,Agender,121.87.49.87
719,Meridel,Merrell,mmerrelljy@multiply.com,Female,226.222.114.165
720,Bowie,MacBey,bmacbeyjz@vk.com,Male,221.42.27.120
721,Gabriel,Hyde,ghydek0@tripadvisor.com,Female,178.83.219.180
722,Ree,Wellington,rwellingtonk1@ucoz.ru,Female,110.197.133.177
723,Tybie,Gravenall,tgravenallk2@vinaora.com,Female,73.220.87.244
724,Dorothea,Scoullar,dscoullark3@163.com,Agender,125.249.34.162
725,Aldwin,Provost,aprovostk4@bigcartel.com,Male,25.189.71.93
726,Georgia,Wykey,gwykeyk5@apache.org,Polygender,152.185.175.154
727,Rolph,Hugh,rhughk6@tripadvisor.com,Male,140.88.6.9
728,Josselyn,Hairesnape,jhairesnapek7@1und1.de,Agender,6.13.187.136
729,Jere,Catterall,jcatterallk8@github.io,Male,3.241.245.179
730,Pierce,Dutchburn,pdutchburnk9@oracle.com,Male,194.227.95.102
731,Bail,Kubal,bkubalka@cafepress.com,Male,49.222.49.142
732,Sharline,Durrad,sdurradkb@archive.org,Female,80.253.100.253
733,Laural,Draayer,ldraayerkc@ox.ac.uk,Agender,153.177.236.221
734,Hunt,Pirdue,hpirduekd@gravatar.com,Male,181.11.182.130
735,Elmo,Duggen,eduggenke@exblog.jp,Male,165.88.118.147
736,Joshia,Brownstein,jbrownsteinkf@tinypic.com,Male,18.164.129.220
737,Willard,Philipeau,wphilipeaukg@google.com,Male,166.197.118.27
738,Rheba,Braunston,rbraunstonkh@trellian.com,Female,57.230.191.152
739,Prentiss,Hollerin,phollerinki@1688.com,Male,134.93.72.82
740,Vidovik,Tellwright,vtellwrightkj@networksolutions.com,Male,86.182.250.54
741,Tedie,Thurber,tthurberkk@adobe.com,Male,85.64.83.110
742,Bethena,Hofer,bhoferkl@bbc.co.uk,Female,161.235.91.219
743,Codi,Mathey,cmatheykm@qq.com,Male,24.62.242.151
744,Amandie,Worstall,aworstallkn@goo.ne.jp,Female,240.249.40.197
745,Natalee,Hallam,nhallamko@hatena.ne.jp,Female,126.209.150.177
746,Llywellyn,Langstone,llangstonekp@mapy.cz,Male,9.236.8.179
747,Katalin,Treat,ktreatkq@bravesites.com,Polygender,205.246.5.32
748,Hube,Ancell,hancellkr@nhs.uk,Male,120.211.167.86
749,Lianna,Maffetti,lmaffettiks@ning.com,Female,107.231.9.215
750,Catherin,Arnow,carnowkt@eventbrite.com,Female,177.6.245.202
751,Rex,Ditter,rditterku@dropbox.com,Male,237.78.0.223
752,Harley,Rouff,hrouffkv@stumbleupon.com,Male,67.139.55.0
753,Amil,Swetenham,aswetenhamkw@furl.net,Genderqueer,126.138.43.81
754,Tessie,Lau,tlaukx@baidu.com,Female,171.145.211.101
755,Milty,Hasnney,mhasnneyky@lycos.com,Male,240.253.131.218
756,Tommy,Allsopp,tallsoppkz@goo.ne.jp,Female,2.174.230.75
757,Cordelie,Farloe,cfarloel0@lulu.com,Female,142.92.208.236
758,Gothart,Mechell,gmechelll1@dailymotion.com,Male,185.51.110.194
759,Lil,Neame,lneamel2@accuweather.com,Female,214.140.252.138
760,Barnaby,Curcher,bcurcherl3@histats.com,Male,112.3.190.191
761,Kele,Adamoli,kadamolil4@gizmodo.com,Male,65.195.188.135
762,Levy,Axelbey,laxelbeyl5@noaa.gov,Male,221.174.9.98
763,Eleonora,MacGee,emacgeel6@wisc.edu,Female,117.201.178.158
764,Nancy,Gian,ngianl7@yellowpages.com,Female,106.226.136.222
765,Henryetta,Shoubridge,hshoubridgel8@discovery.com,Female,149.86.219.169
766,Donella,Crackel,dcrackell9@google.de,Female,23.11.10.248
767,Benny,Ellul,bellulla@cnn.com,Male,156.240.176.229
768,Trent,Shelmardine,tshelmardinelb@cnn.com,Male,183.64.65.18
769,Dory,Sidney,dsidneylc@canalblog.com,Male,174.19.74.132
770,Britni,Hance,bhanceld@tamu.edu,Female,226.1.212.131
771,Allianora,Gheorghescu,agheorghescule@cdbaby.com,Female,4.240.233.151
772,Kori,Swiffen,kswiffenlf@t.co,Female,165.12.250.177
773,Celinka,Stolberg,cstolberglg@mayoclinic.com,Non-binary,172.196.187.126
774,Katrine,Polgreen,kpolgreenlh@biblegateway.com,Female,138.1.186.53
775,Frasquito,Monkleigh,fmonkleighli@tinypic.com,Male,239.231.10.54
776,Massimo,MacMakin,mmacmakinlj@csmonitor.com,Male,216.111.156.151
777,Johny,Lago,jlagolk@exblog.jp,Male,83.95.189.12
778,Alvira,Yell,ayellll@wufoo.com,Female,252.35.12.44
779,Inger,Brigge,ibriggelm@europa.eu,Female,36.178.152.9
780,Julietta,Wadworth,jwadworthln@linkedin.com,Female,144.238.249.214
781,Thedrick,McAteer,tmcateerlo@nifty.com,Male,128.153.116.144
782,Cordy,Vanshin,cvanshinlp@elegantthemes.com,Female,44.197.14.82
783,Sheba,Tanner,stannerlq@tinypic.com,Female,41.129.71.248
784,Nelia,McArt,nmcartlr@spotify.com,Female,186.20.183.242
785,Elroy,Hurrion,ehurrionls@columbia.edu,Male,96.207.207.97
786,Rory,Bonner,rbonnerlt@theatlantic.com,Male,52.147.207.217
787,Clayborne,Matysik,cmatysiklu@si.edu,Male,41.83.188.138
788,Whit,Oventon,woventonlv@comsenz.com,Male,255.179.46.110
789,Benjie,Futter,bfutterlw@posterous.com,Male,222.135.221.252
790,Luciano,Ashforth,lashforthlx@ebay.com,Male,188.187.52.89
791,Kliment,Baldacchino,kbaldacchinoly@xing.com,Male,68.155.99.122
792,Tomkin,Rentalll,trentallllz@apple.com,Male,75.232.117.149
793,Micheline,Pigford,mpigfordm0@gravatar.com,Agender,38.188.126.13
794,Hendrik,Scruby,hscrubym1@bizjournals.com,Male,167.55.63.147
795,Cecile,Cutford,ccutfordm2@ameblo.jp,Female,107.19.188.185
796,Derwin,Ojeda,dojedam3@cam.ac.uk,Male,236.159.91.13
797,Deonne,O'Growgane,dogrowganem4@rediff.com,Female,78.149.175.204
798,Trev,Dubs,tdubsm5@yolasite.com,Male,21.226.93.32
799,Fina,Tunny,ftunnym6@lulu.com,Female,216.62.119.29
800,Mabel,Heckney,mheckneym7@cdbaby.com,Female,220.73.90.159
801,Rachelle,Krauze,rkrauzem8@nymag.com,Female,102.166.19.89
802,Klemens,Guinness,kguinnessm9@reuters.com,Male,132.215.60.182
803,Isabella,Westgate,iwestgatema@upenn.edu,Agender,89.25.152.55
804,Terrance,Benwell,tbenwellmb@reuters.com,Male,147.110.156.123
805,Alie,Britee,abriteemc@hao123.com,Female,95.133.44.37
806,Michal,Gaylard,mgaylardmd@google.com.hk,Male,99.179.1.122
807,Adoree,Canelas,acanelasme@wikimedia.org,Bigender,69.17.47.61
808,Leif,McKyrrelly,lmckyrrellymf@wunderground.com,Male,176.170.219.109
809,Cassie,Rentz,crentzmg@gravatar.com,Male,150.168.33.190
810,Klaus,Cottie,kcottiemh@gov.uk,Male,226.238.18.115
811,Marietta,Kingsnode,mkingsnodemi@oracle.com,Female,145.50.29.18
812,Guinna,Peever,gpeevermj@indiegogo.com,Genderfluid,244.149.104.89
813,Zebedee,Kuhl,zkuhlmk@google.co.jp,Male,46.253.34.57
814,Jaymee,Meeland,jmeelandml@indiatimes.com,Female,120.250.184.188
815,Jefferey,Heinecke,jheineckemm@addthis.com,Male,156.134.88.166
816,Thatch,Callister,tcallistermn@shareasale.com,Male,226.202.160.206
817,Krishna,Peplow,kpeplowmo@bloglovin.com,Male,44.248.70.176
818,Keefer,Welberry,kwelberrymp@com.com,Male,87.184.207.194
819,Candy,Sabben,csabbenmq@blogtalkradio.com,Female,40.198.168.80
820,Cathie,Heineken,cheinekenmr@eepurl.com,Polygender,140.71.204.246
821,Zacherie,Stockow,zstockowms@bandcamp.com,Male,186.24.122.208
822,Andy,Lucio,aluciomt@wikimedia.org,Polygender,215.24.160.60
823,Kerianne,Bampkin,kbampkinmu@upenn.edu,Female,70.110.38.73
824,Hephzibah,Files,hfilesmv@theguardian.com,Female,248.244.173.244
825,Normie,Fabri,nfabrimw@census.gov,Male,147.31.36.219
826,Laurice,Newband,lnewbandmx@omniture.com,Female,106.12.72.196
827,Birk,Laver,blavermy@reference.com,Male,31.11.31.230
828,Blake,Macilhench,bmacilhenchmz@last.fm,Female,235.103.250.173
829,Gweneth,Stiffell,gstiffelln0@moonfruit.com,Female,26.115.187.217
830,Valera,Goter,vgotern1@zimbio.com,Bigender,39.6.61.147
831,Teddie,Woffinden,twoffindenn2@mysql.com,Male,70.24.118.193
832,Corry,Gypps,cgyppsn3@slate.com,Female,212.244.183.131
833,Steve,Simmell,ssimmelln4@devhub.com,Male,202.53.58.195
834,Ariela,Whitlaw,awhitlawn5@google.com.br,Female,4.219.168.186
835,Roderich,Cant,rcantn6@eventbrite.com,Male,57.146.82.73
836,Tuesday,Theze,tthezen7@fda.gov,Non-binary,147.194.39.189
837,Rich,Batman,rbatmann8@ca.gov,Male,134.247.41.149
838,Merle,Sidery,msideryn9@ebay.com,Male,43.157.126.104
839,Saunder,McGrayle,smcgraylena@drupal.org,Bigender,15.85.169.168
840,Matthieu,Greggs,mgreggsnb@google.ru,Male,15.141.48.54
841,Raddie,Edlestone,redlestonenc@sciencedaily.com,Male,119.101.163.121
842,Ethelin,Elce,eelcend@github.io,Female,127.149.48.243
843,Brodie,Player,bplayerne@usnews.com,Male,212.140.191.59
844,Alejandrina,Humbles,ahumblesnf@wired.com,Female,103.13.167.252
845,Curtis,Ogelsby,cogelsbyng@tripadvisor.com,Male,110.132.100.154
846,Elaine,Belt,ebeltnh@ning.com,Female,135.242.23.188
847,Hammad,Thelwll,hthelwllni@tumblr.com,Male,186.198.112.158
848,Leola,Gethin,lgethinnj@mit.edu,Female,137.8.48.131
849,Libby,Ponte,lpontenk@typepad.com,Polygender,247.248.104.141
850,Annalee,Greenroyd,agreenroydnl@a8.net,Female,163.49.228.158
851,Constantin,Lothlorien,clothloriennm@diigo.com,Polygender,132.187.247.15
852,Feliks,Gorgl,fgorglnn@statcounter.com,Male,18.73.73.18
853,Virgie,Mackney,vmackneyno@archive.org,Male,205.101.105.100
854,Siegfried,Patesel,spateselnp@photobucket.com,Male,246.81.236.149
855,Wendi,Presslie,wpresslienq@comsenz.com,Female,160.222.199.107
856,Bambi,Warder,bwardernr@washingtonpost.com,Female,208.98.58.40
857,Parsifal,Spurret,pspurretns@economist.com,Male,156.101.19.220
858,Donaugh,Mellmer,dmellmernt@meetup.com,Male,149.214.190.110
859,Star,Pullan,spullannu@163.com,Female,245.199.80.81
860,Gavrielle,Dyet,gdyetnv@paypal.com,Female,32.246.144.103
861,Ilysa,Barreau,ibarreaunw@intel.com,Female,243.181.11.8
862,Shirleen,Cheesworth,scheesworthnx@github.com,Female,239.139.62.46
863,Caresa,Beau,cbeauny@kickstarter.com,Female,145.31.247.169
864,Manya,Featonby,mfeatonbynz@omniture.com,Female,29.177.32.10
865,Parke,Skitterel,pskitterelo0@skype.com,Male,32.213.15.174
866,Gizela,Vinecombe,gvinecombeo1@go.com,Female,56.151.212.190
867,Devland,Batchelour,dbatchelouro2@bizjournals.com,Bigender,12.98.49.45
868,Leoline,Overstall,loverstallo3@acquirethisname.com,Genderqueer,165.197.175.196
869,Maury,Cockburn,mcockburno4@theatlantic.com,Male,250.243.226.27
870,Garnette,Flatt,gflatto5@jiathis.com,Genderqueer,251.7.82.132
871,Malory,Binge,mbingeo6@blogger.com,Female,176.234.174.199
872,Martha,Fahrenbacher,mfahrenbachero7@java.com,Female,191.54.179.101
873,Humberto,Sultana,hsultanao8@whitehouse.gov,Male,113.38.243.217
874,Maximo,Busch,mbuscho9@shop-pro.jp,Genderqueer,11.156.119.162
875,Berti,Say,bsayoa@virginia.edu,Female,48.230.30.72
876,Pauly,Tithecote,ptithecoteob@yelp.com,Genderfluid,162.32.214.101
877,Diane-marie,Thurborn,dthurbornoc@bloomberg.com,Female,3.71.124.230
878,Marjorie,Jzhakov,mjzhakovod@tumblr.com,Female,99.245.75.127
879,Weylin,Dukes,wdukesoe@gov.uk,Polygender,202.229.200.7
880,Winny,Sly,wslyof@berkeley.edu,Male,105.37.215.236
881,Cami,Brimson,cbrimsonog@engadget.com,Female,50.75.254.147
882,Paco,Lovatt,plovattoh@skype.com,Male,67.231.230.138
883,Rhonda,Francillo,rfrancillooi@istockphoto.com,Female,18.38.64.27
884,Naoma,Clough,ncloughoj@redcross.org,Female,111.34.71.234
885,Mendie,Manvelle,mmanvelleok@bloomberg.com,Male,166.70.15.22
886,Dalenna,Washbrook,dwashbrookol@1und1.de,Female,107.166.189.247
887,Junia,Childers,jchildersom@buzzfeed.com,Polygender,165.11.235.180
888,Tailor,Dowdeswell,tdowdeswellon@hostgator.com,Male,25.110.117.181
889,Flss,Cinelli,fcinellioo@infoseek.co.jp,Female,42.163.105.210
890,Sherm,Guisby,sguisbyop@lycos.com,Male,176.182.95.61
891,Kingsly,MacKniely,kmacknielyoq@sourceforge.net,Genderfluid,160.198.123.197
892,Ailina,Nornable,anornableor@edublogs.org,Female,177.27.122.29
893,Belvia,Yesson,byessonos@dion.ne.jp,Female,169.98.73.150
894,Eolande,Cantopher,ecantopherot@odnoklassniki.ru,Female,195.125.130.204
895,Willard,Brewster,wbrewsterou@intel.com,Male,211.110.215.122
896,Renie,Rouke,rroukeov@amazonaws.com,Female,145.235.243.49
897,Andrea,Kid,akidow@tripod.com,Female,198.69.207.178
898,Matty,Glabach,mglabachox@mozilla.com,Male,174.251.89.109
899,Harris,Le Port,hleportoy@slideshare.net,Male,224.240.135.30
900,Tymothy,Kytter,tkytteroz@sohu.com,Male,235.231.218.252
901,Clement,Dubble,cdubblep0@jimdo.com,Male,82.249.156.14
902,Janeta,Penna,jpennap1@drupal.org,Female,211.32.65.94
903,Gustaf,Ratnege,gratnegep2@booking.com,Male,161.153.2.128
904,Doretta,Baudts,dbaudtsp3@icq.com,Genderqueer,195.130.211.214
905,Pamela,Snoddin,psnoddinp4@bbb.org,Female,44.188.14.149
906,Hewitt,Schultheiss,hschultheissp5@timesonline.co.uk,Male,128.188.122.169
907,Meier,Joliffe,mjoliffep6@uiuc.edu,Male,228.134.205.118
908,Madelin,Hughill,mhughillp7@cisco.com,Female,188.41.193.115
909,Reagen,Tebbet,rtebbetp8@time.com,Male,216.92.194.141
910,Ellerey,Brokenbrow,ebrokenbrowp9@columbia.edu,Male,34.59.146.106
911,Adham,Kellick,akellickpa@sohu.com,Male,117.115.250.168
912,Clare,Ruslin,cruslinpb@weather.com,Female,87.210.66.205
913,Shela,Eilert,seilertpc@china.com.cn,Female,237.206.16.185
914,Delilah,Blaine,dblainepd@ibm.com,Female,216.77.246.35
915,Kathye,Lettley,klettleype@jugem.jp,Female,33.133.85.146
916,Mari,Lightowler,mlightowlerpf@accuweather.com,Female,147.169.48.195
917,Udall,Cheson,uchesonpg@dyndns.org,Male,98.94.100.75
918,Selina,Merrydew,smerrydewph@independent.co.uk,Female,97.215.210.173
919,Laure,Tax,ltaxpi@etsy.com,Female,218.166.97.186
920,Ilse,Dyet,idyetpj@shutterfly.com,Female,6.124.29.102
921,Cullie,Lapidus,clapiduspk@cdc.gov,Male,245.188.171.221
922,Carilyn,Cromblehome,ccromblehomepl@uol.com.br,Female,188.40.211.55
923,Nessy,Fehely,nfehelypm@zimbio.com,Female,230.0.37.145
924,Alexa,Lissemore,alissemorepn@ovh.net,Female,61.55.118.234
925,Heinrick,Copland,hcoplandpo@squarespace.com,Male,122.12.240.21
926,Zared,Keir,zkeirpp@booking.com,Male,51.109.205.97
927,Susann,Stoak,sstoakpq@fc2.com,Female,96.197.17.140
928,Benedicta,Jeffry,bjeffrypr@parallels.com,Female,60.34.251.241
929,Nixie,Dossetter,ndossetterps@usa.gov,Female,245.147.231.211
930,Deborah,Poley,dpoleypt@google.nl,Female,173.110.88.17
931,Fayre,Godspede,fgodspedepu@walmart.com,Non-binary,193.58.235.133
932,Sallie,Bonnaire,sbonnairepv@e-recht24.de,Female,46.42.169.96
933,Mandy,Mcimmie,mmcimmiepw@4shared.com,Genderqueer,12.161.79.172
934,Rosamond,Managh,rmanaghpx@soup.io,Female,89.69.146.73
935,Catharina,Skones,cskonespy@rakuten.co.jp,Polygender,87.43.131.66
936,Kingsly,Warder,kwarderpz@businessweek.com,Male,184.11.252.171
937,Denise,Nowell,dnowellq0@ezinearticles.com,Female,226.239.240.215
938,Bran,Treven,btrevenq1@apple.com,Male,244.47.0.169
939,Hugues,Uridge,huridgeq2@cbslocal.com,Male,44.90.185.215
940,Bessie,Pyford,bpyfordq3@redcross.org,Female,4.50.153.168
941,Goraud,Ancliff,gancliffq4@vistaprint.com,Male,67.244.199.221
942,Hedvig,Plumbley,hplumbleyq5@foxnews.com,Female,185.32.237.76
943,Margarete,Drinnan,mdrinnanq6@multiply.com,Female,112.127.14.192
944,Coletta,Dolohunty,cdolohuntyq7@blog.com,Female,122.127.225.247
945,Derril,Minihane,dminihaneq8@123-reg.co.uk,Male,79.36.154.192
946,Stacey,MacDonogh,smacdonoghq9@princeton.edu,Female,141.87.29.32
947,Vere,Broadhurst,vbroadhurstqa@wufoo.com,Female,133.169.94.40
948,Nealon,Methuen,nmethuenqb@forbes.com,Agender,221.124.220.109
949,Jeffy,Narramore,jnarramoreqc@bigcartel.com,Male,53.180.131.88
950,Allin,MacLaig,amaclaigqd@xrea.com,Male,166.48.95.20
951,Gibby,McKeady,gmckeadyqe@upenn.edu,Genderqueer,217.161.227.40
952,Reynard,Laise,rlaiseqf@google.com.au,Male,165.220.251.119
953,Ernaline,Gething,egethingqg@netscape.com,Female,185.131.148.238
954,Ilario,Matskevich,imatskevichqh@yellowpages.com,Male,253.10.200.14
955,Sherye,Combe,scombeqi@wordpress.org,Agender,94.203.254.139
956,Etheline,Maxted,emaxtedqj@geocities.com,Female,83.170.190.23
957,Gerek,Maccraw,gmaccrawqk@europa.eu,Male,114.196.28.85
958,Nady,Pughe,npugheql@tinyurl.com,Female,111.216.129.203
959,Edgar,Stolli,estolliqm@bing.com,Male,255.214.80.176
960,Vicki,Eskrigge,veskriggeqn@amazon.com,Female,20.61.12.145
961,Danila,Hoult,dhoultqo@list-manage.com,Agender,34.152.230.45
962,Ryun,Hearnah,rhearnahqp@angelfire.com,Male,16.111.203.114
963,Wendell,Brosini,wbrosiniqq@geocities.jp,Genderqueer,75.239.217.33
964,Zara,Mettricke,zmettrickeqr@webmd.com,Female,142.32.174.128
965,Penny,Chippindall,pchippindallqs@jalbum.net,Female,117.201.121.32
966,Brad,Tirrell,btirrellqt@virginia.edu,Male,24.30.65.243
967,Demetrius,Bordiss,dbordissqu@phpbb.com,Male,249.51.17.84
968,Borden,McCrie,bmccrieqv@stanford.edu,Male,249.254.255.240
969,Rosabel,Veysey,rveyseyqw@google.ca,Non-binary,179.115.45.155
970,Tom,Coppin,tcoppinqx@uiuc.edu,Male,145.64.137.192
971,Ruth,Sneddon,rsneddonqy@oaic.gov.au,Female,141.35.110.136
972,Steven,Edger,sedgerqz@desdev.cn,Polygender,171.181.153.109
973,Julianne,Haking,jhakingr0@ted.com,Female,27.29.191.237
974,Renell,Bartunek,rbartunekr1@upenn.edu,Female,246.81.120.221
975,Moyna,Durek,mdurekr2@google.pl,Female,15.85.36.120
976,Sally,Spurier,sspurierr3@cbslocal.com,Female,43.134.195.151
977,Caroline,Pattisson,cpattissonr4@desdev.cn,Female,39.106.189.45
978,Chicky,Mayling,cmaylingr5@infoseek.co.jp,Male,153.47.109.200
979,Roderigo,Frape,rfraper6@yelp.com,Male,16.142.167.157
980,Peirce,Brabbs,pbrabbsr7@addtoany.com,Male,34.182.210.223
981,Lorry,Sitlinton,lsitlintonr8@slashdot.org,Female,121.243.124.123
982,Mira,Guerri,mguerrir9@xinhuanet.com,Non-binary,46.40.207.85
983,Ricki,Tidcomb,rtidcombra@parallels.com,Male,208.50.135.125
984,Luther,McTurlough,lmcturloughrb@lycos.com,Male,37.57.178.217
985,Netty,Cossington,ncossingtonrc@hubpages.com,Female,227.195.91.189
986,Marshal,Ramsier,mramsierrd@themeforest.net,Male,155.136.189.137
987,Albina,Pauleau,apauleaure@reverbnation.com,Female,148.124.115.247
988,Corrine,Hennington,chenningtonrf@homestead.com,Female,114.120.184.70
989,Isaac,Anster,iansterrg@wisc.edu,Male,236.224.204.113
990,Sheeree,Nunnerley,snunnerleyrh@nydailynews.com,Female,159.34.81.66
991,Cthrine,Caffrey,ccaffreyri@mayoclinic.com,Female,123.162.70.217
992,Booth,Raxworthy,braxworthyrj@webmd.com,Bigender,88.16.241.66
993,Robin,McLinden,rmclindenrk@microsoft.com,Male,83.251.156.19
994,Burt,Swanne,bswannerl@mtv.com,Male,50.15.231.149
995,Fredelia,Demann,fdemannrm@mapy.cz,Genderfluid,118.27.33.195
996,Karyl,Helliker,khellikerrn@hexun.com,Female,254.126.33.133
997,Alic,Moohan,amoohanro@facebook.com,Male,202.101.251.173
998,Claiborn,Helleker,chellekerrp@wikipedia.org,Male,184.238.137.200
999,Kimberli,Clegg,kcleggrq@biglobe.ne.jp,Female,186.236.154.123
1000,Angy,Yurmanovev,ayurmanovevrr@baidu.com,Female,174.208.102.189
